pc,importance
PC1,0.136631
PC2,0.089757
PC3,0.09456
PC4,0.230506
PC5,0.15173
PC6,0.066214
PC7,0.12445
PC8,0.012792
PC9,0.093361
PC10,0.0
