pc,importance
PC1,0.364732
PC2,0.091438
PC3,0.031088
PC4,0.0
PC5,0.191037
PC6,0.020245
PC7,0.226834
PC8,0.020793
PC9,0.0
PC10,0.053834
