pc,importance
PC1,0.147508
PC2,0.0
PC3,0.103169
PC4,0.293622
PC5,0.114367
PC6,0.0
PC7,0.149009
PC8,0.091883
PC9,0.100442
PC10,0.0
