pc,importance
PC1,0.231368
PC2,0.001618
PC3,0.077425
PC4,0.177864
PC5,0.220185
PC6,0.027492
PC7,0.002686
PC8,0.001667
PC9,0.090626
PC10,0.16907
