pc,importance
PC1,0.183832
PC2,0.006322
PC3,0.005174
PC4,0.092277
PC5,0.217918
PC6,0.080817
PC7,0.07527
PC8,0.206046
PC9,0.093548
PC10,0.038797
